频道 ID,频道网址,频道标题
UC-dmTM1R31S8uFgPmexxkNg,http://www.youtube.com/channel/UC-dmTM1R31S8uFgPmexxkNg,Decrypt
UC0Qj2CZsALJRivClNuDStlA,http://www.youtube.com/channel/UC0Qj2CZsALJRivClNuDStlA,Vic TALK
UC0YBJCRIt4kA2jZ7siTGMyQ,http://www.youtube.com/channel/UC0YBJCRIt4kA2jZ7siTGMyQ,Frontier Systems
UC0patpmwYbhcEUap0bTX3JQ,http://www.youtube.com/channel/UC0patpmwYbhcEUap0bTX3JQ,Roaring Kitty
UC0vxvXSLPNRrDa12WJxcZQg,http://www.youtube.com/channel/UC0vxvXSLPNRrDa12WJxcZQg,Leapfrog Crypto
UC1DYy4b4n_ntEjNDsIVOx8A,http://www.youtube.com/channel/UC1DYy4b4n_ntEjNDsIVOx8A,Realms of Alurya
UC1VTORO-dC1-T6APAdeP5tQ,http://www.youtube.com/channel/UC1VTORO-dC1-T6APAdeP5tQ,Token Terminal
UC26hLZoe-haxcuLYxzWAiNg,http://www.youtube.com/channel/UC26hLZoe-haxcuLYxzWAiNg,脑总MrBrain
UC2uc-O4nreiFEHCLbBFsi-A,http://www.youtube.com/channel/UC2uc-O4nreiFEHCLbBFsi-A,Simon的爱尔兰变形记
UC3uODtYvKjb7gPY9EFOlUWw,http://www.youtube.com/channel/UC3uODtYvKjb7gPY9EFOlUWw,Ariannita la Gringa
UC4UIG0VvHi6AftF0icVebfw,http://www.youtube.com/channel/UC4UIG0VvHi6AftF0icVebfw,0xResearch
UC4VPa7EOvObpyCRI4YKRQRw,http://www.youtube.com/channel/UC4VPa7EOvObpyCRI4YKRQRw,Paul Barron Network
UC4v8NtUmvoFead7LGKrM1HQ,http://www.youtube.com/channel/UC4v8NtUmvoFead7LGKrM1HQ,Day1Global生而全球
UC55ahPQ7m5iJdVWcOfmuE6g,http://www.youtube.com/channel/UC55ahPQ7m5iJdVWcOfmuE6g,巫师财经
UC5EWGzo8mg5bR8qs4PTBgKw,http://www.youtube.com/channel/UC5EWGzo8mg5bR8qs4PTBgKw,DeMo去中心化周末
UC5F2q60NSndu9T-WX6z7bvA,http://www.youtube.com/channel/UC5F2q60NSndu9T-WX6z7bvA,吴说不加密播客
UC5K-A8n6phru-uNF6TzH5vQ,http://www.youtube.com/channel/UC5K-A8n6phru-uNF6TzH5vQ,Steady Lads Podcast
UC5irSAibfE6Ads_ReDFrffA,http://www.youtube.com/channel/UC5irSAibfE6Ads_ReDFrffA,The Blockcrunch Podcast with Jason Choi
UC6t1O76G0jYXOAoYCm153dA,http://www.youtube.com/channel/UC6t1O76G0jYXOAoYCm153dA,Lenny's Podcast
UC78XXU0YMwIGlLtj4hqBvHA,http://www.youtube.com/channel/UC78XXU0YMwIGlLtj4hqBvHA,PANews
UC7B3Y1yrg4S7mmgoR-NsfxA,http://www.youtube.com/channel/UC7B3Y1yrg4S7mmgoR-NsfxA,Taiki Maeda
UC7Da3hauf8II7Dbjj0CILaQ,http://www.youtube.com/channel/UC7Da3hauf8II7Dbjj0CILaQ,Bitcoin Archive w Archie
UC7QOQyNz93dykiNv_Le0HlA,http://www.youtube.com/channel/UC7QOQyNz93dykiNv_Le0HlA,10x Research
UC7mca3O0DmdSG2Cr80sOD7g,http://www.youtube.com/channel/UC7mca3O0DmdSG2Cr80sOD7g,Nader Dabit
UC8__jTM6-_GOkRmOBPrTB0A,http://www.youtube.com/channel/UC8__jTM6-_GOkRmOBPrTB0A,Frictionless Podcast by Logan Jastremski
UC8gj5V4pdK3BSQSXwCsJ9iQ,http://www.youtube.com/channel/UC8gj5V4pdK3BSQSXwCsJ9iQ,币圈小林子
UC8sbPIZy4LaRuPVlzsvXQ6g,http://www.youtube.com/channel/UC8sbPIZy4LaRuPVlzsvXQ6g,Arrington Capital
UC9KdOwi-T2zWS67Xcjc2cXQ,http://www.youtube.com/channel/UC9KdOwi-T2zWS67Xcjc2cXQ,WuBlockchain Podcast
UC9Yy99ZlQIX9-PdG_xHj43Q,http://www.youtube.com/channel/UC9Yy99ZlQIX9-PdG_xHj43Q,Delphi Digital
UC9aOLLMQht_1FKRxbQe60NA,http://www.youtube.com/channel/UC9aOLLMQht_1FKRxbQe60NA,Bell Curve
UC9ftjre4vQLHyQq0urjGVpg,http://www.youtube.com/channel/UC9ftjre4vQLHyQq0urjGVpg,Rex Tai
UCAZWuBo4-aFSHW69LUuL7Pg,http://www.youtube.com/channel/UCAZWuBo4-aFSHW69LUuL7Pg,Thor
UCAl9Ld79qaZxp9JzEOwd3aA,http://www.youtube.com/channel/UCAl9Ld79qaZxp9JzEOwd3aA,Bankless
UCB67PxhB5LAWEbI4etQS7aw,http://www.youtube.com/channel/UCB67PxhB5LAWEbI4etQS7aw,Berkeley RDI
UCBRpqrzuuqE8TZcWw75JSdw,http://www.youtube.com/channel/UCBRpqrzuuqE8TZcWw75JSdw,The Compound
UCBj9S8TBRlCU4QnhTEOdWZQ,http://www.youtube.com/channel/UCBj9S8TBRlCU4QnhTEOdWZQ,回到Axton
UCC2UPtfjtdAgofzuxUPZJ6g,http://www.youtube.com/channel/UCC2UPtfjtdAgofzuxUPZJ6g,The Rollup
UCC6-cWyj0Hzu82hwLp_JskQ,http://www.youtube.com/channel/UCC6-cWyj0Hzu82hwLp_JskQ,Dave Ying
UCCRxYlYOmLE2l5wxs3ckJtg,http://www.youtube.com/channel/UCCRxYlYOmLE2l5wxs3ckJtg,Limitless Podcast
UCCatR7nWbYrkVXdxXb4cGXw,http://www.youtube.com/channel/UCCatR7nWbYrkVXdxXb4cGXw,DataDash
UCCsREoj8rSRkEvxWqxr74rQ,http://www.youtube.com/channel/UCCsREoj8rSRkEvxWqxr74rQ,Cybernews
UCDK7jNQhLIYAiYqe-lWpZVQ,http://www.youtube.com/channel/UCDK7jNQhLIYAiYqe-lWpZVQ,EA SPORTS FC MOBILE
UCDyRizBgObJB-sNuwEPlL1g,http://www.youtube.com/channel/UCDyRizBgObJB-sNuwEPlL1g,MetricsDAO
UCE1JHFSfUWcXVyzV3KGA9Fw,http://www.youtube.com/channel/UCE1JHFSfUWcXVyzV3KGA9Fw,Cryptocito
UCEAwYFRFUuekaEmKz4oiB_A,http://www.youtube.com/channel/UCEAwYFRFUuekaEmKz4oiB_A,1000x Podcast
UCEL45QB7k-UnGa05GAx6HZA,http://www.youtube.com/channel/UCEL45QB7k-UnGa05GAx6HZA,Dynamo DeFi
UCEOv-8wHvYC6mzsY2Gm5WcQ,http://www.youtube.com/channel/UCEOv-8wHvYC6mzsY2Gm5WcQ,Empire
UCESLZhusAkFfsNsApnjF_Cg,http://www.youtube.com/channel/UCESLZhusAkFfsNsApnjF_Cg,All-In Podcast
UCFBMJMfA6WcmoIOIb81JE0g,http://www.youtube.com/channel/UCFBMJMfA6WcmoIOIb81JE0g,Cryptonauts
UCFEHdhuB_BEUHA_eL9cjqHA,http://www.youtube.com/channel/UCFEHdhuB_BEUHA_eL9cjqHA,Messari
UCFKbLk_A8wNrgDmjH85Giaw,http://www.youtube.com/channel/UCFKbLk_A8wNrgDmjH85Giaw,CryptMoose
UCFU-BE5HRJoudqIz1VDKlhQ,http://www.youtube.com/channel/UCFU-BE5HRJoudqIz1VDKlhQ,CTO LARSSON
UCFh0yczN3nm2aYBSNI7Rc0g,http://www.youtube.com/channel/UCFh0yczN3nm2aYBSNI7Rc0g,Arkham
UCGttrUON87gWfU6dMWm1fcA,http://www.youtube.com/channel/UCGttrUON87gWfU6dMWm1fcA,Tucker Carlson
UCHqzPs0-Dt7ZJoZvSlD4mBA,http://www.youtube.com/channel/UCHqzPs0-Dt7ZJoZvSlD4mBA,Deus Ex DAO
UCJ7FY0hK43bOmRWGkn8bodg,http://www.youtube.com/channel/UCJ7FY0hK43bOmRWGkn8bodg,Farcaster
UCJHb21YKQk1HdsVU7OFwG1A,http://www.youtube.com/channel/UCJHb21YKQk1HdsVU7OFwG1A,Good Game Podcast
UCJWCJCWOxBYSi5DhCieLOLQ,http://www.youtube.com/channel/UCJWCJCWOxBYSi5DhCieLOLQ,aantonop
UCJezBSmY-8PDqyiG4mm2V0A,http://www.youtube.com/channel/UCJezBSmY-8PDqyiG4mm2V0A,master
UCJwaY349wPgj9hqITVfrCow,http://www.youtube.com/channel/UCJwaY349wPgj9hqITVfrCow,小鱼总Log
UCK-zlnUfoDHzUwXcbddtnkg,http://www.youtube.com/channel/UCK-zlnUfoDHzUwXcbddtnkg,ARK Invest
UCK9Fh0fZNK790slNx4tH0GQ,http://www.youtube.com/channel/UCK9Fh0fZNK790slNx4tH0GQ,MoneyDog艾瑞克
UCKc3w9FKFGdBR9PIkfngzPg,http://www.youtube.com/channel/UCKc3w9FKFGdBR9PIkfngzPg,When Shift Happens
UCKelCK4ZaO6HeEI1KQjqzWA,http://www.youtube.com/channel/UCKelCK4ZaO6HeEI1KQjqzWA,The AI Daily Brief: Artificial Intelligence News
UCKhzsirVy_7EfX2NJFelQuw,http://www.youtube.com/channel/UCKhzsirVy_7EfX2NJFelQuw,Bitcoincom News
UCL0J4MLEdLP0-UyLu0hCktg,http://www.youtube.com/channel/UCL0J4MLEdLP0-UyLu0hCktg,The Defiant
UCLaa5cNN89IN0aLfiz5S49A,http://www.youtube.com/channel/UCLaa5cNN89IN0aLfiz5S49A,Coinage
UCLoqKG2RsrOKwLmUENW5o3Q,http://www.youtube.com/channel/UCLoqKG2RsrOKwLmUENW5o3Q,Wormhole
UCM1guA1E-RHLO2OyfQPOkEQ,http://www.youtube.com/channel/UCM1guA1E-RHLO2OyfQPOkEQ,Stripe
UCMN-hG9y4jcqd0lpFzlTIsg,http://www.youtube.com/channel/UCMN-hG9y4jcqd0lpFzlTIsg,深潮TechFlow 小剧场
UCMZzLJ6cwrKKTQXx6u_mKxA,http://www.youtube.com/channel/UCMZzLJ6cwrKKTQXx6u_mKxA,The blocmates Podcast
UCMcoud_ZW7cfxeIugBflSBw,http://www.youtube.com/channel/UCMcoud_ZW7cfxeIugBflSBw,Riley Brown
UCMtJYS0PrtiUwlk6zjGDEMA,http://www.youtube.com/channel/UCMtJYS0PrtiUwlk6zjGDEMA,EllioTrades
UCN2hSM8fBcvZBa8OOKc24eg,http://www.youtube.com/channel/UCN2hSM8fBcvZBa8OOKc24eg,mrblock 區塊先生
UCN7D80fY9xMYu5mHhUhXEFw,http://www.youtube.com/channel/UCN7D80fY9xMYu5mHhUhXEFw,Moon Dev
UCN9Nj4tjXbVTLYWN0EKly_Q,http://www.youtube.com/channel/UCN9Nj4tjXbVTLYWN0EKly_Q,Crypto Banter
UCNOfzGXD_C9YMYmnefmPH0g,http://www.youtube.com/channel/UCNOfzGXD_C9YMYmnefmPH0g,Ethereum Foundation
UCNr-geoBVC0hwnKWFQeaXog,http://www.youtube.com/channel/UCNr-geoBVC0hwnKWFQeaXog,Nico 前沿 Alpha
UCPjNBjflYl0-HQtUvOx0Ibw,http://www.youtube.com/channel/UCPjNBjflYl0-HQtUvOx0Ibw,Greg Isenberg
UCQQ_fGcMDxlKre3SEqEWrLA,http://www.youtube.com/channel/UCQQ_fGcMDxlKre3SEqEWrLA,99Bitcoins
UCQiKqVKhnZuoyEIWRodyu8Q,http://www.youtube.com/channel/UCQiKqVKhnZuoyEIWRodyu8Q,BidCast
UCQmDC-DPvMOLs02qOce8oyQ,http://www.youtube.com/channel/UCQmDC-DPvMOLs02qOce8oyQ,加密二锅头
UCR2Bn95tT2268NshXf_7Ybg,http://www.youtube.com/channel/UCR2Bn95tT2268NshXf_7Ybg,Coinage x DAIC
UCR4U_q_MojVVqYnawAVlryw,http://www.youtube.com/channel/UCR4U_q_MojVVqYnawAVlryw,睡前消息
UCR93yACeNzxMSk6Y1cHM2pw,http://www.youtube.com/channel/UCR93yACeNzxMSk6Y1cHM2pw,Coin Bureau Podcast
UCSHZKyawb77ixDdsGog4iWA,http://www.youtube.com/channel/UCSHZKyawb77ixDdsGog4iWA,Lex Fridman
UCSs4A6HYKmHA2MG_0z-F0xw,http://www.youtube.com/channel/UCSs4A6HYKmHA2MG_0z-F0xw,彭导分享
UCTHq3W46BiAYjKUYZq2qm-Q,http://www.youtube.com/channel/UCTHq3W46BiAYjKUYZq2qm-Q,a16z crypto
UCUUwthB8fqBMDDrVv1ZBBvg,http://www.youtube.com/channel/UCUUwthB8fqBMDDrVv1ZBBvg,Today in DeFi
UCUwWPWT93lYq_1uh9mfUAtg,http://www.youtube.com/channel/UCUwWPWT93lYq_1uh9mfUAtg,Galaxy
UCV03SRZXJEz-hchIAogeJOg,http://www.youtube.com/channel/UCV03SRZXJEz-hchIAogeJOg,Claude
UCVFSzL3VuZKP3cN9IXdLOtw,http://www.youtube.com/channel/UCVFSzL3VuZKP3cN9IXdLOtw,Raoul Pal The Journey Man
UCVVX-7tHff75fRAEEEnZiAQ,http://www.youtube.com/channel/UCVVX-7tHff75fRAEEEnZiAQ,Miles Deutscher Finance
UCW1KHRAydlyBrX7nz7bz26g,http://www.youtube.com/channel/UCW1KHRAydlyBrX7nz7bz26g,Yuchi Trader
UCWgOT31CChyOv_hRZjw0yDA,http://www.youtube.com/channel/UCWgOT31CChyOv_hRZjw0yDA,亞費倫斯NFT_Gaming
UCWiiMnsnw5Isc2PP1to9nNw,http://www.youtube.com/channel/UCWiiMnsnw5Isc2PP1to9nNw,Unchained
UCXUPKJO5MZQN11PqgIvyuvQ,http://www.youtube.com/channel/UCXUPKJO5MZQN11PqgIvyuvQ,Andrej Karpathy
UCXl4i9dYBrFOabk0xGmbkRA,http://www.youtube.com/channel/UCXl4i9dYBrFOabk0xGmbkRA,Dwarkesh Patel
UCY0xL8V6NzzFcwzHCgB8orQ,http://www.youtube.com/channel/UCY0xL8V6NzzFcwzHCgB8orQ,Dapp University
UCYLxoSziVePq9rpptc8lEwA,http://www.youtube.com/channel/UCYLxoSziVePq9rpptc8lEwA,Kyle Chasse crypto
UCYuFgMBwrjzOTnfa6AD_Rvg,http://www.youtube.com/channel/UCYuFgMBwrjzOTnfa6AD_Rvg,imToken
UC_5lJHgnMP_lb_VpIiXV0hQ,http://www.youtube.com/channel/UC_5lJHgnMP_lb_VpIiXV0hQ,课代表立正
UC_liJHPLUjE63r4Cb43jurw,http://www.youtube.com/channel/UC_liJHPLUjE63r4Cb43jurw,Chainalysis
UC_nHe7H3x6isdYxFU1eZdsA,http://www.youtube.com/channel/UC_nHe7H3x6isdYxFU1eZdsA,牛南寒
UC_o4_cOevPVYC5pXs9OOexg,http://www.youtube.com/channel/UC_o4_cOevPVYC5pXs9OOexg,Ceazor's Snack Sandwich
UC_sdlVY9C6gi8w0S9nDGIxg,http://www.youtube.com/channel/UC_sdlVY9C6gi8w0S9nDGIxg,Crypto Gorilla
UCa3lIvPs6ITefQ7oPP2WHhw,http://www.youtube.com/channel/UCa3lIvPs6ITefQ7oPP2WHhw,幣玩Beeone - TOP 區塊鏈遊戲玩家
UCaRLNHXRddAbYMlqAcrlwaA,http://www.youtube.com/channel/UCaRLNHXRddAbYMlqAcrlwaA,PC Crypto
UCatItl6C7wJp9txFMbXbSTg,http://www.youtube.com/channel/UCatItl6C7wJp9txFMbXbSTg,DeFi Dad
UCbLhGKVY-bJPcawebgtNfbw,http://www.youtube.com/channel/UCbLhGKVY-bJPcawebgtNfbw,Altcoin Daily
UCbUYi3LCI2Rab0y-3MSJoHA,http://www.youtube.com/channel/UCbUYi3LCI2Rab0y-3MSJoHA,Phyrex
UCc4Rz_T9Sb1w5rqqo9pL1Og,http://www.youtube.com/channel/UCc4Rz_T9Sb1w5rqqo9pL1Og,The Moon Show
UCcabW7890RKJzL968QWEykA,http://www.youtube.com/channel/UCcabW7890RKJzL968QWEykA,CS50
UCcefcZRL2oaA_uBNeo5UOWg,http://www.youtube.com/channel/UCcefcZRL2oaA_uBNeo5UOWg,Y Combinator
UCdmmvItyMi3fwlqMb2XHx4A,http://www.youtube.com/channel/UCdmmvItyMi3fwlqMb2XHx4A,旁白君
UCeazsjKmU-LhEe7VJdWo9UA,http://www.youtube.com/channel/UCeazsjKmU-LhEe7VJdWo9UA,The Master Investor Podcast with Wilfred Frost
UCevXpeL8cNyAnww-NqJ4m2w,http://www.youtube.com/channel/UCevXpeL8cNyAnww-NqJ4m2w,Anthony Pompliano
UCf0PBRjhf0rF8fWBIxTuoWA,http://www.youtube.com/channel/UCf0PBRjhf0rF8fWBIxTuoWA,20VC with Harry Stebbings
UCfF9ZO8Ug4xk_AJd4aeT5HA,http://www.youtube.com/channel/UCfF9ZO8Ug4xk_AJd4aeT5HA,ETHGlobal
UCg1_fEvi3kFQF5G2GVA8dIQ,http://www.youtube.com/channel/UCg1_fEvi3kFQF5G2GVA8dIQ,DeFiPrincess 
UCgz9NU06t_FkT0Py1Vadczw,http://www.youtube.com/channel/UCgz9NU06t_FkT0Py1Vadczw,ETHDenver
UCh8gGV8Nuo1jj__5kvWMOEQ,http://www.youtube.com/channel/UCh8gGV8Nuo1jj__5kvWMOEQ,blocmates.
UChF5O40UBqAc82I7-i5ig6A,http://www.youtube.com/channel/UChF5O40UBqAc82I7-i5ig6A,Bloomberg Podcasts
UChktQbmIzLZKSwEZh8yE1Kw,http://www.youtube.com/channel/UChktQbmIzLZKSwEZh8yE1Kw,Flywheel DeFi
UChnNjLyx_5rk_iDPQ2BQDQA,http://www.youtube.com/channel/UChnNjLyx_5rk_iDPQ2BQDQA,硅谷101播客
UCin0esJVqoNoGtPu2EsL5_A,http://www.youtube.com/channel/UCin0esJVqoNoGtPu2EsL5_A,Our Crypto Talk
UCjIMtrzxYc0lblGhmOgC_CA,http://www.youtube.com/channel/UCjIMtrzxYc0lblGhmOgC_CA,Every
UCjVnEC8VvtyvKBiGiT2EXgQ,http://www.youtube.com/channel/UCjVnEC8VvtyvKBiGiT2EXgQ,Cipholio 
UCjemQfjaXAzA-95RKoy9n_g,http://www.youtube.com/channel/UCjemQfjaXAzA-95RKoy9n_g,Discover Crypto
UCjlPLMYEsq0pjgLL1q24mSg,http://www.youtube.com/channel/UCjlPLMYEsq0pjgLL1q24mSg,邦妮區塊鏈 Bonnie Blockchain
UCjsgQKPpR7ubPQhPqjf8kyA,http://www.youtube.com/channel/UCjsgQKPpR7ubPQhPqjf8kyA,Lightspeed
UCk6EGp5yqsB-YtBE3AF8dWw,http://www.youtube.com/channel/UCk6EGp5yqsB-YtBE3AF8dWw,Bitcoin For Corporations
UCkFve2Z8oybM_lCMHgMQC5w,http://www.youtube.com/channel/UCkFve2Z8oybM_lCMHgMQC5w,Blue Collar Bitcoin
UCkrwgzhIBKccuDsi_SvZtnQ,http://www.youtube.com/channel/UCkrwgzhIBKccuDsi_SvZtnQ,Forward Guidance
UCks5v9rXhBWcN39EzJEhIvg,http://www.youtube.com/channel/UCks5v9rXhBWcN39EzJEhIvg,Around The Blockchain
UCm-_A21MQzWw79-VqhOiZpA,http://www.youtube.com/channel/UCm-_A21MQzWw79-VqhOiZpA,Airdrop Official
UCnjkrlqaWEBSnKZQ71gdyFA,http://www.youtube.com/channel/UCnjkrlqaWEBSnKZQ71gdyFA,Chainlink
UCnpBg7yqNauHtlNSpOl5-cg,http://www.youtube.com/channel/UCnpBg7yqNauHtlNSpOl5-cg,Peter Yang
UCopIbIk5NCUF-KyW3kb85vQ,http://www.youtube.com/channel/UCopIbIk5NCUF-KyW3kb85vQ,CryptoArchives
UCozwejESfvl88CBBL0KgEhw,http://www.youtube.com/channel/UCozwejESfvl88CBBL0KgEhw,Hamster Kombat
UCp6aBHRM6ZS_kLeC57HV4kg,http://www.youtube.com/channel/UCp6aBHRM6ZS_kLeC57HV4kg,TheStreet
UCpoWCikpTk6Ysw4GSI___hw,http://www.youtube.com/channel/UCpoWCikpTk6Ysw4GSI___hw,Presidio Bitcoin
UCqK_GSMbpiV8spgD3ZGloSw,http://www.youtube.com/channel/UCqK_GSMbpiV8spgD3ZGloSw,Coin Bureau
UCr6Gf8G_pU_PBoSaRf0LwnA,http://www.youtube.com/channel/UCr6Gf8G_pU_PBoSaRf0LwnA,CryptoKoryo
UCrYmtJBtLdtm2ov84ulV-yg,http://www.youtube.com/channel/UCrYmtJBtLdtm2ov84ulV-yg,Ivan on Tech
UCru3nlhzHrbgK21x0MdB_eg,http://www.youtube.com/channel/UCru3nlhzHrbgK21x0MdB_eg,Natalie Brunell
UCsF_QUNkHqdTtBczqpgxyfw,http://www.youtube.com/channel/UCsF_QUNkHqdTtBczqpgxyfw,Decypher Podcast
UCsJ_6Nyh0YS7T6fsCfZ12Fw,http://www.youtube.com/channel/UCsJ_6Nyh0YS7T6fsCfZ12Fw,峰哥亡命天涯
UCt7esZt_MwWXl9fgT0yO1eA,http://www.youtube.com/channel/UCt7esZt_MwWXl9fgT0yO1eA,Drake on Digital 
UCtOV5M-T3GcsJAq8QKaf0lg,http://www.youtube.com/channel/UCtOV5M-T3GcsJAq8QKaf0lg,Bitcoin Magazine
UCueSh5RSkkVlieLhXBfEW2A,http://www.youtube.com/channel/UCueSh5RSkkVlieLhXBfEW2A,老徐常识看世界
UCvJJ_dzjViJCoLf5uKUTwoA,http://www.youtube.com/channel/UCvJJ_dzjViJCoLf5uKUTwoA,CNBC
UCvY8-F_kLWbXDAdFcSFFFXg,http://www.youtube.com/channel/UCvY8-F_kLWbXDAdFcSFFFXg,Wajahat Mughal
UCvau2hf5EXDy6Flu-tZZ0Sg,http://www.youtube.com/channel/UCvau2hf5EXDy6Flu-tZZ0Sg,Noah Seidman
UCwx7WJp0kW1hx7DAuVdly_w,http://www.youtube.com/channel/UCwx7WJp0kW1hx7DAuVdly_w,十六的加密日常 | SixteeN #链游 #Web3
UCxODjeUwZHk3p-7TU-IsDOA,http://www.youtube.com/channel/UCxODjeUwZHk3p-7TU-IsDOA,Boxmining
UCyLaBb4OibRL7KMdd4wZ0OQ,http://www.youtube.com/channel/UCyLaBb4OibRL7KMdd4wZ0OQ,threadguy
UCyocm7zOzWBpk6Awpa2vzUw,http://www.youtube.com/channel/UCyocm7zOzWBpk6Awpa2vzUw,Cryptolution
UCzE0RljG_GmAciSAmLX5Ugw,http://www.youtube.com/channel/UCzE0RljG_GmAciSAmLX5Ugw,The DCo Podcast
UCzQUP1qoWDoEbmsQxvdjxgQ,http://www.youtube.com/channel/UCzQUP1qoWDoEbmsQxvdjxgQ,PowerfulJRE
